domain,actionSource,sourceVmUuid,dynUserGroupName,parentSessionId,destinationDeviceOsVersion,linkChangeCount,sctpAssociationId,sourceDeviceOsVersion,sourceHostName,error2,subcategoryOfApp,ipProtocol,destinationDeviceCategory,tags,dgHierarchyLevel1,uuidForRule,linkSwitches,bytesSent,tunnelIdImsi,@timestamp,nssaiSd,destinationPort,destinationCountry,configVersion,sanctionedStateOfApp,tunnel,packetsSent,sourceDynamicAddressGroup,sessionId,http2Connection,sdwanCluster,packets,sctpChunks,generateTime,clusterName,sdwanSite,destinationUser,syslog_domain,timeLogged,deviceName,sessionEndReason,@version,host,sourceDeviceModel,technologyOfApp,flowType,actionFlags,parentSessionStartTime,bytesReceived,repeatCount,sourcePort,dgHierarchyLevel3,error1,packetsReceived,saasOfApp,sourceDeviceOsFamily,destinationZone,sdwanDeviceType,outboundInterface,podNamespace,serial,tunneledApp,inboundInterface,virtualSystem,sourceDeviceVendor,sctpChunksSent,xffAddress,rule,sessionOwner,category,logAction,sequenceNumber,new_domain,sourceZone,elapsedTimeSec,action,dgHierarchyLevel2,natDestinationIp,destinationAddress,nssaiSst,destinationDynamicAddressGroup,sourceExternalDynamicList,sourceUser,sourceDeviceCategory,receiveTime,characteristicOfApp,sourceMacAddress,policyId,sctpChunksReceived,virtualSystemName,flags,containerOfApp,destinationHostName,destinationDeviceProfile,riskOfApp,offloaded,application,destinationDeviceOsFamily,natDestinationPort,logType,destinationDeviceModel,destinationMacAddress,sdwanClusterType,bytes,destinationVmUuid,highResTimestamp,serialNumber,startTime,dgHierarchyLevel4,sourceDeviceProfile,sourceCountry,hostId,podName,original_domain,sourceAddress,destinationExternalDynamicList,containerId,destinationDeviceVendor,threatContentType,natSourceIp,monitorTagImei,natSourcePort
<14>Dec 28 05:54:12 VISION-SEOUL-FW.seoulfw 1,from-policy,,,0,,0,0,,,,management,udp,,"[""_dateparsefailure""]",aged-out,dbd7a6c6-ca36-4398-80b3-5bab8fa733c2,,358,0,2024-12-27T20:54:12.722Z,,514,192.168.0.0-192.168.255.255,2817,no,N/A,,,297588,0,,2,0,2024/12/28 05:54:12,NonProxyTraffic,,,VISION-SEOUL-FW.seoulfw 1,2024/12/28 05:54:12,VISION-SEOUL-FW,1,1,192.168.200.252,,business-systems,0,0x8000000000000000,,386,1,60144,0,7444489203827594713,1,syslog,,IPSecVPN,,tunnel.1,,023201001129,,ae1,vsys1,,0,,ALLOW-OUTBOUND,,any,PaloLog-forward,,,trust,0,allow,0,0.0.0.0,192.168.1.131,,,,seoul\administrator,,2024/12/28 05:54:12,2,,,0,0,0x5e,"has-known-vulnerability,pervasive-use",,,client-server,no,syslog,,0,TRAFFIC,,,,744,,2024-12-28T05:54:12.907+09:00,,2024/12/28 05:53:37,0,,192.168.0.0-192.168.255.255,,,VISION-SEOUL-FW.seoulfw 1,192.168.200.252,,,,end,0.0.0.0,,0
<14>Dec 28 05:54:12 VISION-SEOUL-FW.seoulfw 1,from-policy,,,0,,0,0,,,,management,udp,,"[""_dateparsefailure""]",aged-out,dbd7a6c6-ca36-4398-80b3-5bab8fa733c2,,358,0,2024-12-27T20:54:12.722Z,,514,192.168.0.0-192.168.255.255,2817,no,N/A,,,296928,0,,1,0,2024/12/28 05:54:12,NonProxyTraffic,,,VISION-SEOUL-FW.seoulfw 1,2024/12/28 05:54:12,VISION-SEOUL-FW,0,1,192.168.200.252,,business-systems,0,0x8000000000000000,,0,1,39005,0,7444489203827594714,1,syslog,,IPSecVPN,,tunnel.1,,023201001129,,ae1,vsys1,,0,,ALLOW-OUTBOUND,,any,PaloLog-forward,,,trust,0,allow,0,0.0.0.0,192.168.1.47,,,,seoul\administrator,,2024/12/28 05:54:12,2,,,0,0,0x5e,"has-known-vulnerability,pervasive-use",,,client-server,no,syslog,,0,TRAFFIC,,,,358,,2024-12-28T05:54:12.907+09:00,,2024/12/28 05:53:37,0,,192.168.0.0-192.168.255.255,,,VISION-SEOUL-FW.seoulfw 1,192.168.200.252,,,,end,0.0.0.0,,0
<14>Dec 28 05:54:12 VISION-SEOUL-FW.seoulfw 1,from-policy,,,0,,0,0,,,,infrastructure,udp,,"[""_dateparsefailure""]",aged-out,dbd7a6c6-ca36-4398-80b3-5bab8fa733c2,,90,0,2024-12-27T20:54:12.722Z,,123,Korea Republic Of,2817,no,N/A,,,297421,0,,1,0,2024/12/28 05:54:12,NonProxyTraffic,,,VISION-SEOUL-FW.seoulfw 1,2024/12/28 05:54:12,VISION-SEOUL-FW,0,1,192.168.200.252,,networking,0,0x8000000000000000,,0,1,123,0,7444489203827594715,1,ntp-base,,untrust,,ethernet1/2,,023201001129,ntp,ae1,vsys1,,0,,ALLOW-OUTBOUND,,any,PaloLog-forward,,,trust,0,allow,0,203.248.240.140,203.248.240.140,,,,seoul\administrator,,2024/12/28 05:54:12,2,,,0,0,0x40007a,"used-by-malware,pervasive-use",,,network-protocol,no,ntp-base,,123,TRAFFIC,,,,90,,2024-12-28T05:54:12.907+09:00,,2024/12/28 05:53:38,0,,192.168.0.0-192.168.255.255,,,VISION-SEOUL-FW.seoulfw 1,192.168.200.252,,,,end,118.128.43.82,,3194
<14>Dec 28 05:54:12 VISION-SEOUL-FW.seoulfw 1,from-policy,,,0,,0,0,,,,management,udp,,"[""_dateparsefailure""]",aged-out,dbd7a6c6-ca36-4398-80b3-5bab8fa733c2,,358,0,2024-12-27T20:54:12.722Z,,514,192.168.0.0-192.168.255.255,2817,no,N/A,,,268480,0,,1,0,2024/12/28 05:54:12,NonProxyTraffic,,,VISION-SEOUL-FW.seoulfw 1,2024/12/28 05:54:12,VISION-SEOUL-FW,0,1,192.168.200.252,,business-systems,0,0x8000000000000000,,0,1,57644,0,7444489203827594712,1,syslog,,IPSecVPN,,tunnel.1,,023201001129,,ae1,vsys1,,0,,ALLOW-OUTBOUND,,any,PaloLog-forward,,,trust,0,allow,0,0.0.0.0,192.168.1.132,,,,seoul\administrator,,2024/12/28 05:54:12,2,,,0,0,0x5e,"has-known-vulnerability,pervasive-use",,,client-server,no,syslog,,0,TRAFFIC,,,,358,,2024-12-28T05:54:12.906+09:00,,2024/12/28 05:53:37,0,,192.168.0.0-192.168.255.255,,,VISION-SEOUL-FW.seoulfw 1,192.168.200.252,,,,end,0.0.0.0,,0
<14>Dec 28 05:54:12 VISION-SEOUL-FW.seoulfw 1,from-policy,,,0,,0,0,,,,unknown,udp,,"[""_dateparsefailure""]",policy-deny,e90cbdfb-a61c-4c37-92ea-1fc8d7cd4431,,60,0,2024-12-27T20:54:12.722Z,,63588,Korea Republic Of,2817,no,N/A,,,0,0,,1,0,2024/12/28 05:54:12,NonProxyTraffic,,,VISION-SEOUL-FW.seoulfw 1,2024/12/28 05:54:12,VISION-SEOUL-FW,0,1,192.168.200.252,,unknown,0,0x8000000000000000,,0,1,38616,0,7444489203827594717,1,not-applicable,,untrust,,,,023201001129,,ethernet1/2,vsys1,,0,,intrazone-default,,any,PaloLog-forward,,,untrust,0,deny,0,0.0.0.0,118.128.43.82,,,,,,2024/12/28 05:54:12,1,,,0,0,0x0,,,,unknown,no,not-applicable,,0,TRAFFIC,,,,60,,2024-12-28T05:54:12.907+09:00,,2024/12/28 05:54:09,0,,Korea Republic Of,,,VISION-SEOUL-FW.seoulfw 1,110.45.192.90,,,,drop,0.0.0.0,,0
<14>Dec 28 05:54:12 VISION-SEOUL-FW.seoulfw 1,from-policy,,,0,,0,0,,,,unknown,udp,,"[""_dateparsefailure""]",policy-deny,e90cbdfb-a61c-4c37-92ea-1fc8d7cd4431,,60,0,2024-12-27T20:54:12.722Z,,7062,Korea Republic Of,2817,no,N/A,,,0,0,,1,0,2024/12/28 05:54:12,NonProxyTraffic,,,VISION-SEOUL-FW.seoulfw 1,2024/12/28 05:54:12,VISION-SEOUL-FW,0,1,192.168.200.252,,unknown,0,0x8000000000000000,,0,1,38059,0,7444489203827594716,1,not-applicable,,untrust,,,,023201001129,,ethernet1/2,vsys1,,0,,intrazone-default,,any,PaloLog-forward,,,untrust,0,deny,0,0.0.0.0,118.128.43.82,,,,,,2024/12/28 05:54:12,1,,,0,0,0x0,,,,unknown,no,not-applicable,,0,TRAFFIC,,,,60,,2024-12-28T05:54:12.907+09:00,,2024/12/28 05:54:08,0,,Korea Republic Of,,,VISION-SEOUL-FW.seoulfw 1,110.45.188.132,,,,drop,0.0.0.0,,0
<14>Dec 28 05:54:07 VISION-SEOUL-FW.seoulfw 1,from-policy,,,0,,0,0,,,,unknown,udp,,"[""_dateparsefailure""]",aged-out,dbd7a6c6-ca36-4398-80b3-5bab8fa733c2,,1564,0,2024-12-27T20:54:07.722Z,,5060,Korea Republic Of,2817,no,N/A,,,296555,0,,5,0,2024/12/28 05:54:07,NonProxyTraffic,,,VISION-SEOUL-FW.seoulfw 1,2024/12/28 05:54:07,VISION-SEOUL-FW,3,1,192.168.200.252,,unknown,0,0x8000000000000000,,1436,1,5060,0,7444489203827594708,2,insufficient-data,,untrust,,ethernet1/2,,023201001129,,ae1,vsys1,,0,,ALLOW-OUTBOUND,,any,PaloLog-forward,,,trust,0,allow,0,210.207.255.47,210.207.255.47,,,,,,2024/12/28 05:54:07,1,,,0,0,0x400019,,,,unknown,no,insufficient-data,,5060,TRAFFIC,,,,3000,,2024-12-28T05:54:07.906+09:00,,2024/12/28 05:53:33,0,,192.168.0.0-192.168.255.255,,,VISION-SEOUL-FW.seoulfw 1,192.168.200.139,,,,end,118.128.43.82,,13928
<14>Dec 28 05:54:07 VISION-SEOUL-FW.seoulfw 1,from-policy,,,0,,0,0,,,,infrastructure,udp,,"[""_dateparsefailure""]",aged-out,dbd7a6c6-ca36-4398-80b3-5bab8fa733c2,,105,0,2024-12-27T20:54:07.722Z,,53,Korea Republic Of,2817,no,N/A,,,296503,0,,2,0,2024/12/28 05:54:07,NonProxyTraffic,,,VISION-SEOUL-FW.seoulfw 1,2024/12/28 05:54:07,VISION-SEOUL-FW,1,1,192.168.200.252,,networking,0,0x8000000000000000,,218,1,59890,0,7444489203827594711,1,dns-base,,untrust,,ethernet1/2,,023201001129,dns,ae1,vsys1,,0,,ALLOW-OUTBOUND,,any,PaloLog-forward,,,trust,0,allow,0,168.126.63.1,168.126.63.1,,,,,,2024/12/28 05:54:07,3,,,0,0,0x400019,"used-by-malware,has-known-vulnerability,pervasive-use",,,network-protocol,no,dns-base,,53,TRAFFIC,,,,323,,2024-12-28T05:54:07.906+09:00,,2024/12/28 05:53:36,0,,192.168.0.0-192.168.255.255,,,VISION-SEOUL-FW.seoulfw 1,192.168.199.33,,,,end,118.128.43.82,,58288
<14>Dec 28 05:54:07 VISION-SEOUL-FW.seoulfw 1,from-policy,,,0,,0,0,,,,internet-utility,icmp,,"[""_dateparsefailure""]",aged-out,dbd7a6c6-ca36-4398-80b3-5bab8fa733c2,,294,0,2024-12-27T20:54:07.722Z,,0,192.168.0.0-192.168.255.255,2817,no,N/A,,,288370,0,,6,0,2024/12/28 05:54:07,NonProxyTraffic,,,VISION-SEOUL-FW.seoulfw 1,2024/12/28 05:54:07,VISION-SEOUL-FW,3,1,192.168.200.252,,general-internet,0,0x8000000000000000,,294,3,25624,0,7444489203827594710,3,untunneled,,trust,,ae1,,023201001129,,ae1,vsys1,,0,,ALLOW-OUTBOUND,,any,PaloLog-forward,,,trust,0,allow,0,0.0.0.0,192.168.200.1,,,,,,2024/12/28 05:54:07,2,,,0,0,0x100019,"has-known-vulnerability,tunnel-other-application,pervasive-use",,,network-protocol,no,ping,,0,TRAFFIC,,,,588,,2024-12-28T05:54:07.906+09:00,,2024/12/28 05:53:52,0,,192.168.0.0-192.168.255.255,,,VISION-SEOUL-FW.seoulfw 1,192.168.200.254,,,,end,0.0.0.0,,0
<14>Dec 28 05:54:07 VISION-SEOUL-FW.seoulfw 1,from-policy,,,0,,0,0,,,,unknown,udp,,"[""_dateparsefailure""]",policy-deny,e90cbdfb-a61c-4c37-92ea-1fc8d7cd4431,,60,0,2024-12-27T20:54:07.722Z,,7062,Korea Republic Of,2817,no,N/A,,,0,0,,1,0,2024/12/28 05:54:07,NonProxyTraffic,,,VISION-SEOUL-FW.seoulfw 1,2024/12/28 05:54:07,VISION-SEOUL-FW,0,1,192.168.200.252,,unknown,0,0x8000000000000000,,0,1,38059,0,7444489203827594709,1,not-applicable,,untrust,,,,023201001129,,ethernet1/2,vsys1,,0,,intrazone-default,,any,PaloLog-forward,,,untrust,0,deny,0,0.0.0.0,118.128.43.82,,,,,,2024/12/28 05:54:07,1,,,0,0,0x0,,,,unknown,no,not-applicable,,0,TRAFFIC,,,,60,,2024-12-28T05:54:07.906+09:00,,2024/12/28 05:54:03,0,,Korea Republic Of,,,VISION-SEOUL-FW.seoulfw 1,110.45.188.132,,,,drop,0.0.0.0,,0
<14>Dec 28 05:54:07 VISION-SEOUL-FW.seoulfw 1,from-policy,,,0,,0,0,,,,unknown,udp,,"[""_dateparsefailure""]",aged-out,dbd7a6c6-ca36-4398-80b3-5bab8fa733c2,,1564,0,2024-12-27T20:54:07.722Z,,5060,Korea Republic Of,2817,no,N/A,,,296387,0,,5,0,2024/12/28 05:54:07,NonProxyTraffic,,,VISION-SEOUL-FW.seoulfw 1,2024/12/28 05:54:07,VISION-SEOUL-FW,3,1,192.168.200.252,,unknown,0,0x8000000000000000,,1437,1,5060,0,7444489203827594707,2,insufficient-data,,untrust,,ethernet1/2,,023201001129,,ae1,vsys1,,0,,ALLOW-OUTBOUND,,any,PaloLog-forward,,,trust,0,allow,0,210.207.255.47,210.207.255.47,,,,,,2024/12/28 05:54:07,1,,,0,0,0x400019,,,,unknown,no,insufficient-data,,5060,TRAFFIC,,,,3001,,2024-12-28T05:54:07.906+09:00,,2024/12/28 05:53:33,0,,192.168.0.0-192.168.255.255,,,VISION-SEOUL-FW.seoulfw 1,192.168.200.107,,,,end,118.128.43.82,,34026
<14>Dec 28 05:54:02 VISION-SEOUL-FW.seoulfw 1,from-policy,,,0,,0,0,,,,infrastructure,udp,,"[""_dateparsefailure""]",aged-out,dbd7a6c6-ca36-4398-80b3-5bab8fa733c2,,98,0,2024-12-27T20:54:02.724Z,,53,United States,2817,no,N/A,,,294994,0,,2,0,2024/12/28 05:54:02,NonProxyTraffic,,,VISION-SEOUL-FW.seoulfw 1,2024/12/28 05:54:02,VISION-SEOUL-FW,1,1,192.168.200.252,,networking,0,0x8000000000000000,,214,1,55201,0,7444489203827594705,1,dns-base,,untrust,,ethernet1/2,,023201001129,dns,ae1,vsys1,,0,,ALLOW-OUTBOUND,,any,PaloLog-forward,,,trust,0,allow,0,8.8.4.4,8.8.4.4,,,,,,2024/12/28 05:54:02,3,,,0,0,0x400019,"used-by-malware,has-known-vulnerability,pervasive-use",,,network-protocol,no,dns-base,,53,TRAFFIC,,,,312,,2024-12-28T05:54:02.906+09:00,,2024/12/28 05:53:30,0,,192.168.0.0-192.168.255.255,,,VISION-SEOUL-FW.seoulfw 1,192.168.199.241,,,,end,118.128.43.82,,17613
<14>Dec 28 05:54:02 VISION-SEOUL-FW.seoulfw 1,from-policy,,,0,,0,0,,,,unknown,tcp,,"[""_dateparsefailure""]",aged-out,dbd7a6c6-ca36-4398-80b3-5bab8fa733c2,,74,0,2024-12-27T20:54:02.723Z,,135,192.168.0.0-192.168.255.255,2817,no,N/A,,,297544,0,,1,0,2024/12/28 05:54:02,NonProxyTraffic,,,VISION-SEOUL-FW.seoulfw 1,2024/12/28 05:54:02,VISION-SEOUL-FW,0,1,192.168.200.252,,unknown,0,0x8000000000000000,,0,1,36558,0,7444489203827594703,1,incomplete,,trust,,ae1,,023201001129,,ae1,vsys1,,0,,ALLOW-OUTBOUND,,any,PaloLog-forward,,,trust,0,allow,0,0.0.0.0,192.168.199.201,,,,seoul\administrator,,2024/12/28 05:54:02,1,,,0,0,0x19,,,,unknown,no,incomplete,,0,TRAFFIC,,,,74,,2024-12-28T05:54:02.906+09:00,,2024/12/28 05:53:54,0,,192.168.0.0-192.168.255.255,,,VISION-SEOUL-FW.seoulfw 1,192.168.200.252,,,,end,0.0.0.0,,0
<14>Dec 28 05:54:02 VISION-SEOUL-FW.seoulfw 1,from-policy,,,0,,0,0,,,,unknown,udp,,"[""_dateparsefailure""]",policy-deny,e90cbdfb-a61c-4c37-92ea-1fc8d7cd4431,,60,0,2024-12-27T20:54:02.723Z,,63588,Korea Republic Of,2817,no,N/A,,,0,0,,1,0,2024/12/28 05:54:02,NonProxyTraffic,,,VISION-SEOUL-FW.seoulfw 1,2024/12/28 05:54:02,VISION-SEOUL-FW,0,1,192.168.200.252,,unknown,0,0x8000000000000000,,0,1,38616,0,7444489203827594702,1,not-applicable,,untrust,,,,023201001129,,ethernet1/2,vsys1,,0,,intrazone-default,,any,PaloLog-forward,,,untrust,0,deny,0,0.0.0.0,118.128.43.82,,,,,,2024/12/28 05:54:02,1,,,0,0,0x0,,,,unknown,no,not-applicable,,0,TRAFFIC,,,,60,,2024-12-28T05:54:02.906+09:00,,2024/12/28 05:53:58,0,,Korea Republic Of,,,VISION-SEOUL-FW.seoulfw 1,110.45.192.90,,,,drop,0.0.0.0,,0
<14>Dec 28 05:54:02 VISION-SEOUL-FW.seoulfw 1,from-policy,,,0,,0,0,,,,unknown,udp,,"[""_dateparsefailure""]",policy-deny,e90cbdfb-a61c-4c37-92ea-1fc8d7cd4431,,60,0,2024-12-27T20:54:02.723Z,,7062,Korea Republic Of,2817,no,N/A,,,0,0,,1,0,2024/12/28 05:54:02,NonProxyTraffic,,,VISION-SEOUL-FW.seoulfw 1,2024/12/28 05:54:02,VISION-SEOUL-FW,0,1,192.168.200.252,,unknown,0,0x8000000000000000,,0,1,38059,0,7444489203827594701,1,not-applicable,,untrust,,,,023201001129,,ethernet1/2,vsys1,,0,,intrazone-default,,any,PaloLog-forward,,,untrust,0,deny,0,0.0.0.0,118.128.43.82,,,,,,2024/12/28 05:54:02,1,,,0,0,0x0,,,,unknown,no,not-applicable,,0,TRAFFIC,,,,60,,2024-12-28T05:54:02.906+09:00,,2024/12/28 05:53:58,0,,Korea Republic Of,,,VISION-SEOUL-FW.seoulfw 1,110.45.188.132,,,,drop,0.0.0.0,,0
<14>Dec 28 05:54:02 VISION-SEOUL-FW.seoulfw 1,from-policy,,,0,,0,0,,,,infrastructure,udp,,"[""_dateparsefailure""]",aged-out,dbd7a6c6-ca36-4398-80b3-5bab8fa733c2,,83,0,2024-12-27T20:54:02.723Z,,53,United States,2817,no,N/A,,,219536,0,,2,0,2024/12/28 05:54:02,NonProxyTraffic,,,VISION-SEOUL-FW.seoulfw 1,2024/12/28 05:54:02,VISION-SEOUL-FW,1,1,192.168.200.252,,networking,0,0x8000000000000000,,251,1,55728,0,7444489203827594704,1,dns-base,,untrust,,ethernet1/2,,023201001129,dns,ae1,vsys1,,0,,ALLOW-OUTBOUND,,any,PaloLog-forward,,,trust,0,allow,0,8.8.4.4,8.8.4.4,,,,,,2024/12/28 05:54:02,3,,,0,0,0x400019,"used-by-malware,has-known-vulnerability,pervasive-use",,,network-protocol,no,dns-base,,53,TRAFFIC,,,,334,,2024-12-28T05:54:02.906+09:00,,2024/12/28 05:53:30,0,,192.168.0.0-192.168.255.255,,,VISION-SEOUL-FW.seoulfw 1,192.168.199.242,,,,end,118.128.43.82,,59151
<14>Dec 28 05:54:02 VISION-SEOUL-FW.seoulfw 1,from-policy,,,0,,0,0,,,,unknown,tcp,,"[""_dateparsefailure""]",aged-out,dbd7a6c6-ca36-4398-80b3-5bab8fa733c2,,960,0,2024-12-27T20:54:02.723Z,,2201,192.168.0.0-192.168.255.255,2817,no,N/A,,,297131,0,,16,0,2024/12/28 05:54:02,NonProxyTraffic,,,VISION-SEOUL-FW.seoulfw 1,2024/12/28 05:54:02,VISION-SEOUL-FW,0,1,192.168.200.252,,unknown,0,0x8000000000000000,,0,1,2274,0,7444489203827594706,16,incomplete,,untrust,,ethernet1/2,,023201001129,,ae1,vsys1,,0,,ALLOW-OUTBOUND,,any,PaloLog-forward,,,trust,61,allow,0,192.168.0.2,192.168.0.2,,,,,,2024/12/28 05:54:02,1,,,0,0,0x400019,,,,unknown,no,incomplete,,2201,TRAFFIC,,,,960,,2024-12-28T05:54:02.906+09:00,,2024/12/28 05:52:56,0,,192.168.0.0-192.168.255.255,,,VISION-SEOUL-FW.seoulfw 1,192.168.200.121,,,,end,118.128.43.82,,2317
<14>Dec 28 05:54:02 VISION-SEOUL-FW.seoulfw 1,from-policy,,,0,,0,0,,,,email,tcp,,"[""_dateparsefailure""]",tcp-rst-from-server,dbd7a6c6-ca36-4398-80b3-5bab8fa733c2,,1751,0,2024-12-27T20:54:02.722Z,,993,Korea Republic Of,2817,yes,N/A,,,295825,0,,30,0,2024/12/28 05:54:02,NonProxyTraffic,,,VISION-SEOUL-FW.seoulfw 1,2024/12/28 05:54:02,VISION-SEOUL-FW,15,1,192.168.200.252,,saas,0,0x8000000000000000,,6338,1,60688,0,7444489203827594700,15,naver-mail,,untrust,,ethernet1/2,,023201001129,,ae2,vsys1,,0,,ALLOW-OUTBOUND,,license-expired,PaloLog-forward,,,SERVER,0,allow,0,125.209.238.153,125.209.238.153,,,,,,2024/12/28 05:54:02,3,,,0,0,0x40047a,"able-to-transfer-file,has-known-vulnerability,pervasive-use,is-saas,no-certifications",,,browser-based,no,naver-mail,,993,TRAFFIC,,,,8089,,2024-12-28T05:54:02.906+09:00,,2024/12/28 05:53:43,0,,192.168.0.0-192.168.255.255,,,VISION-SEOUL-FW.seoulfw 1,192.168.100.170,,,,end,118.128.43.82,,20076
<14>Dec 28 05:53:57 VISION-SEOUL-FW.seoulfw 1,from-policy,,,0,,0,0,,,,infrastructure,udp,,"[""_dateparsefailure""]",aged-out,cbf56f07-16ed-4bae-863c-0df8b75794bb,,99,0,2024-12-27T20:53:57.724Z,,53,192.168.0.0-192.168.255.255,2817,no,N/A,,,297212,0,,2,0,2024/12/28 05:53:57,NonProxyTraffic,,,VISION-SEOUL-FW.seoulfw 1,2024/12/28 05:53:57,VISION-SEOUL-FW,1,1,192.168.200.252,,networking,0,0x8000000000000000,,146,1,42869,0,7444489203827594699,1,dns-base,,SERVER,,ae2,,023201001129,dns,tunnel.1,vsys1,,0,,Allow-IPSEC,,any,PaloLog-forward,,,IPSecVPN,0,allow,0,0.0.0.0,192.168.100.103,,,,,,2024/12/28 05:53:57,3,,,0,0,0x19,"used-by-malware,has-known-vulnerability,pervasive-use",,,network-protocol,no,dns-base,,0,TRAFFIC,,,,245,,2024-12-28T05:53:57.906+09:00,,2024/12/28 05:53:26,0,,192.168.0.0-192.168.255.255,,,VISION-SEOUL-FW.seoulfw 1,192.168.1.253,,,,end,0.0.0.0,,0
<14>Dec 28 05:53:57 VISION-SEOUL-FW.seoulfw 1,from-policy,,,0,,0,0,,,,internet-utility,icmp,,"[""_dateparsefailure""]",aged-out,dbd7a6c6-ca36-4398-80b3-5bab8fa733c2,,294,0,2024-12-27T20:53:57.723Z,,0,192.168.0.0-192.168.255.255,2817,no,N/A,,,296707,0,,6,0,2024/12/28 05:53:57,NonProxyTraffic,,,VISION-SEOUL-FW.seoulfw 1,2024/12/28 05:53:57,VISION-SEOUL-FW,3,1,192.168.200.252,,general-internet,0,0x8000000000000000,,294,3,24600,0,7444489203827594697,3,untunneled,,trust,,ae1,,023201001129,,ae1,vsys1,,0,,ALLOW-OUTBOUND,,any,PaloLog-forward,,,trust,0,allow,0,0.0.0.0,192.168.200.1,,,,,,2024/12/28 05:53:57,2,,,0,0,0x100019,"has-known-vulnerability,tunnel-other-application,pervasive-use",,,network-protocol,no,ping,,0,TRAFFIC,,,,588,,2024-12-28T05:53:57.906+09:00,,2024/12/28 05:53:42,0,,192.168.0.0-192.168.255.255,,,VISION-SEOUL-FW.seoulfw 1,192.168.200.254,,,,end,0.0.0.0,,0
<14>Dec 28 05:53:57 VISION-SEOUL-FW.seoulfw 1,from-policy,,,0,,0,0,,,,infrastructure,udp,,"[""_dateparsefailure""]",aged-out,cbf56f07-16ed-4bae-863c-0df8b75794bb,,100,0,2024-12-27T20:53:57.723Z,,53,192.168.0.0-192.168.255.255,2817,no,N/A,,,296100,0,,2,0,2024/12/28 05:53:57,NonProxyTraffic,,,VISION-SEOUL-FW.seoulfw 1,2024/12/28 05:53:57,VISION-SEOUL-FW,1,1,192.168.200.252,,networking,0,0x8000000000000000,,182,1,57016,0,7444489203827594698,1,dns-base,,SERVER,,ae2,,023201001129,dns,tunnel.1,vsys1,,0,,Allow-IPSEC,,any,PaloLog-forward,,,IPSecVPN,0,allow,0,0.0.0.0,192.168.100.103,,,,,,2024/12/28 05:53:57,3,,,0,0,0x19,"used-by-malware,has-known-vulnerability,pervasive-use",,,network-protocol,no,dns-base,,0,TRAFFIC,,,,282,,2024-12-28T05:53:57.906+09:00,,2024/12/28 05:53:26,0,,192.168.0.0-192.168.255.255,,,VISION-SEOUL-FW.seoulfw 1,192.168.1.253,,,,end,0.0.0.0,,0
<14>Dec 28 05:53:57 VISION-SEOUL-FW.seoulfw 1,from-policy,,,0,,0,0,,,,unknown,udp,,"[""_dateparsefailure""]",policy-deny,e90cbdfb-a61c-4c37-92ea-1fc8d7cd4431,,60,0,2024-12-27T20:53:57.723Z,,63588,Korea Republic Of,2817,no,N/A,,,0,0,,1,0,2024/12/28 05:53:57,NonProxyTraffic,,,VISION-SEOUL-FW.seoulfw 1,2024/12/28 05:53:57,VISION-SEOUL-FW,0,1,192.168.200.252,,unknown,0,0x8000000000000000,,0,1,38616,0,7444489203827594696,1,not-applicable,,untrust,,,,023201001129,,ethernet1/2,vsys1,,0,,intrazone-default,,any,PaloLog-forward,,,untrust,0,deny,0,0.0.0.0,118.128.43.82,,,,,,2024/12/28 05:53:57,1,,,0,0,0x0,,,,unknown,no,not-applicable,,0,TRAFFIC,,,,60,,2024-12-28T05:53:57.906+09:00,,2024/12/28 05:53:53,0,,Korea Republic Of,,,VISION-SEOUL-FW.seoulfw 1,110.45.192.90,,,,drop,0.0.0.0,,0
<14>Dec 28 05:53:57 VISION-SEOUL-FW.seoulfw 1,from-policy,,,0,,0,0,,,,unknown,udp,,"[""_dateparsefailure""]",policy-deny,e90cbdfb-a61c-4c37-92ea-1fc8d7cd4431,,60,0,2024-12-27T20:53:57.722Z,,7062,Korea Republic Of,2817,no,N/A,,,0,0,,1,0,2024/12/28 05:53:57,NonProxyTraffic,,,VISION-SEOUL-FW.seoulfw 1,2024/12/28 05:53:57,VISION-SEOUL-FW,0,1,192.168.200.252,,unknown,0,0x8000000000000000,,0,1,38059,0,7444489203827594695,1,not-applicable,,untrust,,,,023201001129,,ethernet1/2,vsys1,,0,,intrazone-default,,any,PaloLog-forward,,,untrust,0,deny,0,0.0.0.0,118.128.43.82,,,,,,2024/12/28 05:53:57,1,,,0,0,0x0,,,,unknown,no,not-applicable,,0,TRAFFIC,,,,60,,2024-12-28T05:53:57.906+09:00,,2024/12/28 05:53:53,0,,Korea Republic Of,,,VISION-SEOUL-FW.seoulfw 1,110.45.188.132,,,,drop,0.0.0.0,,0
<14>Dec 28 05:53:57 VISION-SEOUL-FW.seoulfw 1,from-policy,,,0,,0,0,,,,infrastructure,udp,,"[""_dateparsefailure""]",aged-out,dbd7a6c6-ca36-4398-80b3-5bab8fa733c2,,100,0,2024-12-27T20:53:57.722Z,,53,United States,2817,no,N/A,,,296764,0,,2,0,2024/12/28 05:53:57,NonProxyTraffic,,,VISION-SEOUL-FW.seoulfw 1,2024/12/28 05:53:57,VISION-SEOUL-FW,1,1,192.168.200.252,,networking,0,0x8000000000000000,,182,1,52559,0,7444489203827594694,1,dns-base,,untrust,,ethernet1/2,,023201001129,dns,ae1,vsys1,,0,,ALLOW-OUTBOUND,,any,PaloLog-forward,,,trust,0,allow,0,8.8.8.8,8.8.8.8,,,,seoul\administrator,,2024/12/28 05:53:57,3,,,0,0,0x400019,"used-by-malware,has-known-vulnerability,pervasive-use",,,network-protocol,no,dns-base,,53,TRAFFIC,,,,282,,2024-12-28T05:53:57.906+09:00,,2024/12/28 05:53:23,0,,192.168.0.0-192.168.255.255,,,VISION-SEOUL-FW.seoulfw 1,192.168.200.252,,,,end,118.128.43.82,,48549
<14>Dec 28 05:53:52 VISION-SEOUL-FW.seoulfw 1,from-policy,,,0,,0,0,,,,infrastructure,udp,,"[""_dateparsefailure""]",aged-out,dbd7a6c6-ca36-4398-80b3-5bab8fa733c2,,90,0,2024-12-27T20:53:52.724Z,,123,United States,2817,no,N/A,,,296221,0,,2,0,2024/12/28 05:53:52,NonProxyTraffic,,,VISION-SEOUL-FW.seoulfw 1,2024/12/28 05:53:52,VISION-SEOUL-FW,1,1,192.168.200.252,,networking,0,0x8000000000000000,,90,1,123,0,7444489203827594692,1,ntp-base,,untrust,,ethernet1/2,,023201001129,ntp,ae2,vsys1,,0,,ALLOW-OUTBOUND,,any,PaloLog-forward,,,SERVER,0,allow,0,216.239.35.4,216.239.35.4,,,,,,2024/12/28 05:53:52,2,,,0,0,0x40007a,"used-by-malware,pervasive-use",,,network-protocol,no,ntp-base,,123,TRAFFIC,,,,180,,2024-12-28T05:53:52.905+09:00,,2024/12/28 05:53:19,0,,192.168.0.0-192.168.255.255,,,VISION-SEOUL-FW.seoulfw 1,192.168.100.171,,,,end,118.128.43.82,,58497
<14>Dec 28 05:53:52 VISION-SEOUL-FW.seoulfw 1,from-policy,,,0,,0,0,,,,unknown,tcp,,"[""_dateparsefailure""]",policy-deny,e90cbdfb-a61c-4c37-92ea-1fc8d7cd4431,,60,0,2024-12-27T20:53:52.724Z,,29895,Korea Republic Of,2817,no,N/A,,,0,0,,1,0,2024/12/28 05:53:52,NonProxyTraffic,,,VISION-SEOUL-FW.seoulfw 1,2024/12/28 05:53:52,VISION-SEOUL-FW,0,1,192.168.200.252,,unknown,0,0x8000000000000000,,0,1,53662,0,7444489203827594693,1,not-applicable,,untrust,,,,023201001129,,ethernet1/2,vsys1,,0,,intrazone-default,,any,PaloLog-forward,,,untrust,0,deny,0,0.0.0.0,118.128.43.82,,,,,,2024/12/28 05:53:52,1,,,0,0,0x0,,,,unknown,no,not-applicable,,0,TRAFFIC,,,,60,,2024-12-28T05:53:52.905+09:00,,2024/12/28 05:53:51,0,,United Kingdom,,,VISION-SEOUL-FW.seoulfw 1,134.209.176.25,,,,drop,0.0.0.0,,0
<14>Dec 28 05:53:52 VISION-SEOUL-FW.seoulfw 1,from-policy,,,0,,0,0,,,,unknown,udp,,"[""_dateparsefailure""]",policy-deny,e90cbdfb-a61c-4c37-92ea-1fc8d7cd4431,,60,0,2024-12-27T20:53:52.723Z,,63588,Korea Republic Of,2817,no,N/A,,,0,0,,1,0,2024/12/28 05:53:52,NonProxyTraffic,,,VISION-SEOUL-FW.seoulfw 1,2024/12/28 05:53:52,VISION-SEOUL-FW,0,1,192.168.200.252,,unknown,0,0x8000000000000000,,0,1,38616,0,7444489203827594691,1,not-applicable,,untrust,,,,023201001129,,ethernet1/2,vsys1,,0,,intrazone-default,,any,PaloLog-forward,,,untrust,0,deny,0,0.0.0.0,118.128.43.82,,,,,,2024/12/28 05:53:52,1,,,0,0,0x0,,,,unknown,no,not-applicable,,0,TRAFFIC,,,,60,,2024-12-28T05:53:52.905+09:00,,2024/12/28 05:53:48,0,,Korea Republic Of,,,VISION-SEOUL-FW.seoulfw 1,110.45.192.90,,,,drop,0.0.0.0,,0
<14>Dec 28 05:53:52 VISION-SEOUL-FW.seoulfw 1,from-policy,,,0,,0,0,,,,infrastructure,udp,,"[""_dateparsefailure""]",aged-out,dbd7a6c6-ca36-4398-80b3-5bab8fa733c2,,100,0,2024-12-27T20:53:52.723Z,,53,United States,2817,no,N/A,,,283443,0,,2,0,2024/12/28 05:53:52,NonProxyTraffic,,,VISION-SEOUL-FW.seoulfw 1,2024/12/28 05:53:52,VISION-SEOUL-FW,1,1,192.168.200.252,,networking,0,0x8000000000000000,,116,1,47585,0,7444489203827594690,1,dns-base,,untrust,,ethernet1/2,,023201001129,dns,ae1,vsys1,,0,,ALLOW-OUTBOUND,,any,PaloLog-forward,,,trust,0,allow,0,8.8.8.8,8.8.8.8,,,,,,2024/12/28 05:53:52,3,,,0,0,0x400019,"used-by-malware,has-known-vulnerability,pervasive-use",,,network-protocol,no,dns-base,,53,TRAFFIC,,,,216,,2024-12-28T05:53:52.905+09:00,,2024/12/28 05:53:18,0,,192.168.0.0-192.168.255.255,,,VISION-SEOUL-FW.seoulfw 1,192.168.200.251,,,,end,118.128.43.82,,23859
<14>Dec 28 05:53:52 VISION-SEOUL-FW.seoulfw 1,from-policy,,,0,,0,0,,,,unknown,udp,,"[""_dateparsefailure""]",policy-deny,e90cbdfb-a61c-4c37-92ea-1fc8d7cd4431,,60,0,2024-12-27T20:53:52.723Z,,7062,Korea Republic Of,2817,no,N/A,,,0,0,,1,0,2024/12/28 05:53:52,NonProxyTraffic,,,VISION-SEOUL-FW.seoulfw 1,2024/12/28 05:53:52,VISION-SEOUL-FW,0,1,192.168.200.252,,unknown,0,0x8000000000000000,,0,1,38059,0,7444489203827594689,1,not-applicable,,untrust,,,,023201001129,,ethernet1/2,vsys1,,0,,intrazone-default,,any,PaloLog-forward,,,untrust,0,deny,0,0.0.0.0,118.128.43.82,,,,,,2024/12/28 05:53:52,1,,,0,0,0x0,,,,unknown,no,not-applicable,,0,TRAFFIC,,,,60,,2024-12-28T05:53:52.905+09:00,,2024/12/28 05:53:48,0,,Korea Republic Of,,,VISION-SEOUL-FW.seoulfw 1,110.45.188.132,,,,drop,0.0.0.0,,0
<14>Dec 28 05:53:52 VISION-SEOUL-FW.seoulfw 1,from-policy,,,0,,0,0,,,,unknown,udp,,"[""_dateparsefailure""]",aged-out,dbd7a6c6-ca36-4398-80b3-5bab8fa733c2,,1564,0,2024-12-27T20:53:52.722Z,,5060,Korea Republic Of,2817,no,N/A,,,297345,0,,5,0,2024/12/28 05:53:52,NonProxyTraffic,,,VISION-SEOUL-FW.seoulfw 1,2024/12/28 05:53:52,VISION-SEOUL-FW,3,1,192.168.200.252,,unknown,0,0x8000000000000000,,1438,1,5060,0,7444489203827594688,2,insufficient-data,,untrust,,ethernet1/2,,023201001129,,ae1,vsys1,,0,,ALLOW-OUTBOUND,,any,PaloLog-forward,,,trust,0,allow,0,210.207.255.47,210.207.255.47,,,,,,2024/12/28 05:53:52,1,,,0,0,0x400019,,,,unknown,no,insufficient-data,,5060,TRAFFIC,,,,3002,,2024-12-28T05:53:52.905+09:00,,2024/12/28 05:53:17,0,,192.168.0.0-192.168.255.255,,,VISION-SEOUL-FW.seoulfw 1,192.168.200.209,,,,end,118.128.43.82,,39797
<14>Dec 28 05:53:47 VISION-SEOUL-FW.seoulfw 1,from-policy,,,0,,0,0,,,,infrastructure,udp,,"[""_dateparsefailure""]",aged-out,dbd7a6c6-ca36-4398-80b3-5bab8fa733c2,,70,0,2024-12-27T20:53:47.725Z,,53,United States,2817,no,N/A,,,297932,0,,2,0,2024/12/28 05:53:47,NonProxyTraffic,,,VISION-SEOUL-FW.seoulfw 1,2024/12/28 05:53:47,VISION-SEOUL-FW,1,1,192.168.200.252,,networking,0,0x8000000000000000,,102,1,51933,0,7444489203827594687,1,dns-base,,untrust,,ethernet1/2,,023201001129,dns,ae1,vsys1,,0,,ALLOW-OUTBOUND,,any,PaloLog-forward,,,trust,0,allow,0,8.8.8.8,8.8.8.8,,,,,,2024/12/28 05:53:47,3,,,0,0,0x400019,"used-by-malware,has-known-vulnerability,pervasive-use",,,network-protocol,no,dns-base,,53,TRAFFIC,,,,172,,2024-12-28T05:53:47.905+09:00,,2024/12/28 05:53:16,0,,192.168.0.0-192.168.255.255,,,VISION-SEOUL-FW.seoulfw 1,192.168.199.2,,,,end,118.128.43.82,,39296
<14>Dec 28 05:53:47 VISION-SEOUL-FW.seoulfw 1,from-policy,,,0,,0,0,,,,unknown,tcp,,"[""_dateparsefailure""]",aged-out,dbd7a6c6-ca36-4398-80b3-5bab8fa733c2,,74,0,2024-12-27T20:53:47.724Z,,135,192.168.0.0-192.168.255.255,2817,no,N/A,,,297349,0,,1,0,2024/12/28 05:53:47,NonProxyTraffic,,,VISION-SEOUL-FW.seoulfw 1,2024/12/28 05:53:47,VISION-SEOUL-FW,0,1,192.168.200.252,,unknown,0,0x8000000000000000,,0,1,36558,0,7444489203827594682,1,incomplete,,trust,,ae1,,023201001129,,ae1,vsys1,,0,,ALLOW-OUTBOUND,,any,PaloLog-forward,,,trust,0,allow,0,0.0.0.0,192.168.199.201,,,,seoul\administrator,,2024/12/28 05:53:47,1,,,0,0,0x19,,,,unknown,no,incomplete,,0,TRAFFIC,,,,74,,2024-12-28T05:53:47.905+09:00,,2024/12/28 05:53:38,0,,192.168.0.0-192.168.255.255,,,VISION-SEOUL-FW.seoulfw 1,192.168.200.252,,,,end,0.0.0.0,,0
<14>Dec 28 05:53:47 VISION-SEOUL-FW.seoulfw 1,from-policy,,,0,,0,0,,,,software-update,tcp,,"[""_dateparsefailure""]",tcp-fin,dbd7a6c6-ca36-4398-80b3-5bab8fa733c2,,647,0,2024-12-27T20:53:47.724Z,,80,Japan,2817,no,N/A,,,293503,0,,11,0,2024/12/28 05:53:47,NonProxyTraffic,,,VISION-SEOUL-FW.seoulfw 1,2024/12/28 05:53:47,VISION-SEOUL-FW,5,1,192.168.200.252,,business-systems,0,0x8000000000000000,,502,1,25185,0,7444489203827594685,6,ms-update,,untrust,,ethernet1/2,,023201001129,,ae1,vsys1,,0,,ALLOW-OUTBOUND,,license-expired,PaloLog-forward,,,trust,61,allow,0,146.75.114.172,146.75.114.172,,,,,,2024/12/28 05:53:47,4,,,0,0,0x40001c,"evasive-behavior,consume-big-bandwidth,able-to-transfer-file,has-known-vulnerability,tunnel-other-application,pervasive-use",,,client-server,no,ms-update,,80,TRAFFIC,,,,1149,,2024-12-28T05:53:47.905+09:00,,2024/12/28 05:52:29,0,,192.168.0.0-192.168.255.255,,,VISION-SEOUL-FW.seoulfw 1,192.168.200.110,,,,end,118.128.43.82,,9268
<14>Dec 28 05:53:47 VISION-SEOUL-FW.seoulfw 1,from-policy,,,0,,0,0,,,,unknown,udp,,"[""_dateparsefailure""]",policy-deny,e90cbdfb-a61c-4c37-92ea-1fc8d7cd4431,,60,0,2024-12-27T20:53:47.724Z,,7062,Korea Republic Of,2817,no,N/A,,,0,0,,1,0,2024/12/28 05:53:47,NonProxyTraffic,,,VISION-SEOUL-FW.seoulfw 1,2024/12/28 05:53:47,VISION-SEOUL-FW,0,1,192.168.200.252,,unknown,0,0x8000000000000000,,0,1,38059,0,7444489203827594681,1,not-applicable,,untrust,,,,023201001129,,ethernet1/2,vsys1,,0,,intrazone-default,,any,PaloLog-forward,,,untrust,0,deny,0,0.0.0.0,118.128.43.82,,,,,,2024/12/28 05:53:47,1,,,0,0,0x0,,,,unknown,no,not-applicable,,0,TRAFFIC,,,,60,,2024-12-28T05:53:47.905+09:00,,2024/12/28 05:53:43,0,,Korea Republic Of,,,VISION-SEOUL-FW.seoulfw 1,110.45.188.132,,,,drop,0.0.0.0,,0
<14>Dec 28 05:53:47 VISION-SEOUL-FW.seoulfw 1,from-policy,,,0,,0,0,,,,infrastructure,udp,,"[""_dateparsefailure""]",aged-out,dbd7a6c6-ca36-4398-80b3-5bab8fa733c2,,70,0,2024-12-27T20:53:47.724Z,,53,United States,2817,no,N/A,,,296789,0,,2,0,2024/12/28 05:53:47,NonProxyTraffic,,,VISION-SEOUL-FW.seoulfw 1,2024/12/28 05:53:47,VISION-SEOUL-FW,1,1,192.168.200.252,,networking,0,0x8000000000000000,,146,1,60964,0,7444489203827594686,1,dns-base,,untrust,,ethernet1/2,,023201001129,dns,ae1,vsys1,,0,,ALLOW-OUTBOUND,,any,PaloLog-forward,,,trust,0,allow,0,8.8.8.8,8.8.8.8,,,,,,2024/12/28 05:53:47,3,,,0,0,0x400019,"used-by-malware,has-known-vulnerability,pervasive-use",,,network-protocol,no,dns-base,,53,TRAFFIC,,,,216,,2024-12-28T05:53:47.905+09:00,,2024/12/28 05:53:16,0,,192.168.0.0-192.168.255.255,,,VISION-SEOUL-FW.seoulfw 1,192.168.199.2,,,,end,118.128.43.82,,56075
<14>Dec 28 05:53:47 VISION-SEOUL-FW.seoulfw 1,from-policy,,,0,,0,0,,,,internet-utility,icmp,,"[""_dateparsefailure""]",aged-out,dbd7a6c6-ca36-4398-80b3-5bab8fa733c2,,294,0,2024-12-27T20:53:47.724Z,,0,192.168.0.0-192.168.255.255,2817,no,N/A,,,297119,0,,6,0,2024/12/28 05:53:47,NonProxyTraffic,,,VISION-SEOUL-FW.seoulfw 1,2024/12/28 05:53:47,VISION-SEOUL-FW,3,1,192.168.200.252,,general-internet,0,0x8000000000000000,,294,3,23576,0,7444489203827594683,3,untunneled,,trust,,ae1,,023201001129,,ae1,vsys1,,0,,ALLOW-OUTBOUND,,any,PaloLog-forward,,,trust,0,allow,0,0.0.0.0,192.168.200.1,,,,,,2024/12/28 05:53:47,2,,,0,0,0x100019,"has-known-vulnerability,tunnel-other-application,pervasive-use",,,network-protocol,no,ping,,0,TRAFFIC,,,,588,,2024-12-28T05:53:47.905+09:00,,2024/12/28 05:53:32,0,,192.168.0.0-192.168.255.255,,,VISION-SEOUL-FW.seoulfw 1,192.168.200.254,,,,end,0.0.0.0,,0
<14>Dec 28 05:53:42 VISION-SEOUL-FW.seoulfw 1,from-policy,,,0,,0,0,,,,management,udp,,"[""_dateparsefailure""]",aged-out,cbf56f07-16ed-4bae-863c-0df8b75794bb,,4290,0,2024-12-27T20:53:42.726Z,,514,192.168.0.0-192.168.255.255,2817,no,N/A,,,296086,0,,6,0,2024/12/28 05:53:42,NonProxyTraffic,,,VISION-SEOUL-FW.seoulfw 1,2024/12/28 05:53:42,VISION-SEOUL-FW,0,1,192.168.200.252,,business-systems,0,0x8000000000000000,,0,1,49146,0,7444489203827594680,6,syslog,,trust,,ae1,,023201001129,,tunnel.1,vsys1,,0,,Allow-IPSEC,,any,PaloLog-forward,,,IPSecVPN,10,allow,0,0.0.0.0,192.168.200.20,,,,,,2024/12/28 05:53:42,2,,,0,0,0x5e,"has-known-vulnerability,pervasive-use",,,client-server,no,syslog,,0,TRAFFIC,,,,4290,,2024-12-28T05:53:42.905+09:00,,2024/12/28 05:53:00,0,,192.168.0.0-192.168.255.255,,,VISION-SEOUL-FW.seoulfw 1,192.168.1.253,,,,end,0.0.0.0,,0
<14>Dec 28 05:53:42 VISION-SEOUL-FW.seoulfw 1,from-policy,,,0,,0,0,,,,encrypted-tunnel,tcp,,"[""_dateparsefailure""]",tcp-rst-from-client,dbd7a6c6-ca36-4398-80b3-5bab8fa733c2,,1689,0,2024-12-27T20:53:42.725Z,,443,United States,2817,no,N/A,,,297308,0,,25,0,2024/12/28 05:53:42,NonProxyTraffic,,,VISION-SEOUL-FW.seoulfw 1,2024/12/28 05:53:42,VISION-SEOUL-FW,11,1,192.168.200.252,,networking,0,0x8000000000000000,,5383,1,41694,0,7444489203827594678,14,ssl,,untrust,,ethernet1/2,,023201001129,,ae1,vsys1,,0,,ALLOW-OUTBOUND,,license-expired,PaloLog-forward,,,trust,31,allow,0,35.184.164.211,35.184.164.211,,,,,,2024/12/28 05:53:42,4,,,0,0,0x40041c,"used-by-malware,able-to-transfer-file,has-known-vulnerability,tunnel-other-application,pervasive-use",,,browser-based,no,ssl,,443,TRAFFIC,,,,7072,,2024-12-28T05:53:42.905+09:00,,2024/12/28 05:52:52,0,,192.168.0.0-192.168.255.255,,,VISION-SEOUL-FW.seoulfw 1,192.168.199.232,,,,end,118.128.43.82,,9659
<14>Dec 28 05:53:42 VISION-SEOUL-FW.seoulfw 1,from-policy,,,0,,0,0,,,,unknown,udp,,"[""_dateparsefailure""]",policy-deny,e90cbdfb-a61c-4c37-92ea-1fc8d7cd4431,,60,0,2024-12-27T20:53:42.725Z,,63588,Korea Republic Of,2817,no,N/A,,,0,0,,1,0,2024/12/28 05:53:42,NonProxyTraffic,,,VISION-SEOUL-FW.seoulfw 1,2024/12/28 05:53:42,VISION-SEOUL-FW,0,1,192.168.200.252,,unknown,0,0x8000000000000000,,0,1,38616,0,7444489203827594679,1,not-applicable,,untrust,,,,023201001129,,ethernet1/2,vsys1,,0,,intrazone-default,,any,PaloLog-forward,,,untrust,0,deny,0,0.0.0.0,118.128.43.82,,,,,,2024/12/28 05:53:42,1,,,0,0,0x0,,,,unknown,no,not-applicable,,0,TRAFFIC,,,,60,,2024-12-28T05:53:42.905+09:00,,2024/12/28 05:53:38,0,,Korea Republic Of,,,VISION-SEOUL-FW.seoulfw 1,110.45.192.90,,,,drop,0.0.0.0,,0
<14>Dec 28 05:53:42 VISION-SEOUL-FW.seoulfw 1,from-policy,,,0,,0,0,,,,unknown,udp,,"[""_dateparsefailure""]",policy-deny,e90cbdfb-a61c-4c37-92ea-1fc8d7cd4431,,60,0,2024-12-27T20:53:42.725Z,,7062,Korea Republic Of,2817,no,N/A,,,0,0,,1,0,2024/12/28 05:53:42,NonProxyTraffic,,,VISION-SEOUL-FW.seoulfw 1,2024/12/28 05:53:42,VISION-SEOUL-FW,0,1,192.168.200.252,,unknown,0,0x8000000000000000,,0,1,38059,0,7444489203827594677,1,not-applicable,,untrust,,,,023201001129,,ethernet1/2,vsys1,,0,,intrazone-default,,any,PaloLog-forward,,,untrust,0,deny,0,0.0.0.0,118.128.43.82,,,,,,2024/12/28 05:53:42,1,,,0,0,0x0,,,,unknown,no,not-applicable,,0,TRAFFIC,,,,60,,2024-12-28T05:53:42.905+09:00,,2024/12/28 05:53:38,0,,Korea Republic Of,,,VISION-SEOUL-FW.seoulfw 1,110.45.188.132,,,,drop,0.0.0.0,,0
<14>Dec 28 05:53:42 VISION-SEOUL-FW.seoulfw 1,from-policy,,,0,,0,0,,,,infrastructure,udp,,"[""_dateparsefailure""]",aged-out,dbd7a6c6-ca36-4398-80b3-5bab8fa733c2,,87,0,2024-12-27T20:53:42.724Z,,53,United States,2817,no,N/A,,,297109,0,,2,0,2024/12/28 05:53:42,NonProxyTraffic,,,VISION-SEOUL-FW.seoulfw 1,2024/12/28 05:53:42,VISION-SEOUL-FW,1,1,192.168.200.252,,networking,0,0x8000000000000000,,208,1,56174,0,7444489203827594675,1,dns-base,,untrust,,ethernet1/2,,023201001129,dns,ae1,vsys1,,0,,ALLOW-OUTBOUND,,any,PaloLog-forward,,,trust,0,allow,0,8.8.8.8,8.8.8.8,,,,,,2024/12/28 05:53:42,3,,,0,0,0x400019,"used-by-malware,has-known-vulnerability,pervasive-use",,,network-protocol,no,dns-base,,53,TRAFFIC,,,,295,,2024-12-28T05:53:42.905+09:00,,2024/12/28 05:53:07,0,,192.168.0.0-192.168.255.255,,,VISION-SEOUL-FW.seoulfw 1,192.168.200.251,,,,end,118.128.43.82,,5779
<14>Dec 28 05:53:42 VISION-SEOUL-FW.seoulfw 1,from-policy,,,0,,0,0,,,,infrastructure,udp,,"[""_dateparsefailure""]",aged-out,dbd7a6c6-ca36-4398-80b3-5bab8fa733c2,,87,0,2024-12-27T20:53:42.724Z,,53,United States,2817,no,N/A,,,296536,0,,2,0,2024/12/28 05:53:42,NonProxyTraffic,,,VISION-SEOUL-FW.seoulfw 1,2024/12/28 05:53:42,VISION-SEOUL-FW,1,1,192.168.200.252,,networking,0,0x8000000000000000,,208,1,35269,0,7444489203827594676,1,dns-base,,untrust,,ethernet1/2,,023201001129,dns,ae1,vsys1,,0,,ALLOW-OUTBOUND,,any,PaloLog-forward,,,trust,0,allow,0,8.8.8.8,8.8.8.8,,,,,,2024/12/28 05:53:42,3,,,0,0,0x400019,"used-by-malware,has-known-vulnerability,pervasive-use",,,network-protocol,no,dns-base,,53,TRAFFIC,,,,295,,2024-12-28T05:53:42.905+09:00,,2024/12/28 05:53:07,0,,192.168.0.0-192.168.255.255,,,VISION-SEOUL-FW.seoulfw 1,192.168.200.251,,,,end,118.128.43.82,,35638
<14>Dec 28 05:53:37 VISION-SEOUL-FW.seoulfw 1,from-policy,,,0,,0,0,,,,infrastructure,udp,,"[""_dateparsefailure""]",aged-out,dbd7a6c6-ca36-4398-80b3-5bab8fa733c2,,87,0,2024-12-27T20:53:37.727Z,,53,United States,2817,no,N/A,,,293251,0,,2,0,2024/12/28 05:53:37,NonProxyTraffic,,,VISION-SEOUL-FW.seoulfw 1,2024/12/28 05:53:37,VISION-SEOUL-FW,1,1,192.168.200.252,,networking,0,0x8000000000000000,,191,1,33879,0,7444489203827594673,1,dns-base,,untrust,,ethernet1/2,,023201001129,dns,ae1,vsys1,,0,,ALLOW-OUTBOUND,,any,PaloLog-forward,,,trust,0,allow,0,8.8.8.8,8.8.8.8,,,,,,2024/12/28 05:53:37,3,,,0,0,0x400019,"used-by-malware,has-known-vulnerability,pervasive-use",,,network-protocol,no,dns-base,,53,TRAFFIC,,,,278,,2024-12-28T05:53:37.903+09:00,,2024/12/28 05:53:07,0,,192.168.0.0-192.168.255.255,,,VISION-SEOUL-FW.seoulfw 1,192.168.200.251,,,,end,118.128.43.82,,39756
<14>Dec 28 05:53:37 VISION-SEOUL-FW.seoulfw 1,from-policy,,,0,,0,0,,,,infrastructure,udp,,"[""_dateparsefailure""]",aged-out,dbd7a6c6-ca36-4398-80b3-5bab8fa733c2,,87,0,2024-12-27T20:53:37.727Z,,53,United States,2817,no,N/A,,,297379,0,,2,0,2024/12/28 05:53:37,NonProxyTraffic,,,VISION-SEOUL-FW.seoulfw 1,2024/12/28 05:53:37,VISION-SEOUL-FW,1,1,192.168.200.252,,networking,0,0x8000000000000000,,208,1,59255,0,7444489203827594674,1,dns-base,,untrust,,ethernet1/2,,023201001129,dns,ae1,vsys1,,0,,ALLOW-OUTBOUND,,any,PaloLog-forward,,,trust,0,allow,0,8.8.8.8,8.8.8.8,,,,,,2024/12/28 05:53:37,3,,,0,0,0x400019,"used-by-malware,has-known-vulnerability,pervasive-use",,,network-protocol,no,dns-base,,53,TRAFFIC,,,,295,,2024-12-28T05:53:37.903+09:00,,2024/12/28 05:53:07,0,,192.168.0.0-192.168.255.255,,,VISION-SEOUL-FW.seoulfw 1,192.168.200.251,,,,end,118.128.43.82,,29888
<14>Dec 28 05:53:37 VISION-SEOUL-FW.seoulfw 1,from-policy,,,0,,0,0,,,,infrastructure,udp,,"[""_dateparsefailure""]",aged-out,dbd7a6c6-ca36-4398-80b3-5bab8fa733c2,,95,0,2024-12-27T20:53:37.726Z,,53,United States,2817,no,N/A,,,295492,0,,2,0,2024/12/28 05:53:37,NonProxyTraffic,,,VISION-SEOUL-FW.seoulfw 1,2024/12/28 05:53:37,VISION-SEOUL-FW,1,1,192.168.200.252,,networking,0,0x8000000000000000,,185,1,35532,0,7444489203827594670,1,dns-base,,untrust,,ethernet1/2,,023201001129,dns,ae1,vsys1,,0,,ALLOW-OUTBOUND,,any,PaloLog-forward,,,trust,0,allow,0,8.8.8.8,8.8.8.8,,,,,,2024/12/28 05:53:37,3,,,0,0,0x400019,"used-by-malware,has-known-vulnerability,pervasive-use",,,network-protocol,no,dns-base,,53,TRAFFIC,,,,280,,2024-12-28T05:53:37.903+09:00,,2024/12/28 05:53:06,0,,192.168.0.0-192.168.255.255,,,VISION-SEOUL-FW.seoulfw 1,192.168.200.251,,,,end,118.128.43.82,,48455
<14>Dec 28 05:53:37 VISION-SEOUL-FW.seoulfw 1,from-policy,,,0,,0,0,,,,infrastructure,udp,,"[""_dateparsefailure""]",aged-out,dbd7a6c6-ca36-4398-80b3-5bab8fa733c2,,87,0,2024-12-27T20:53:37.726Z,,53,United States,2817,no,N/A,,,295293,0,,2,0,2024/12/28 05:53:37,NonProxyTraffic,,,VISION-SEOUL-FW.seoulfw 1,2024/12/28 05:53:37,VISION-SEOUL-FW,1,1,192.168.200.252,,networking,0,0x8000000000000000,,191,1,52747,0,7444489203827594672,1,dns-base,,untrust,,ethernet1/2,,023201001129,dns,ae1,vsys1,,0,,ALLOW-OUTBOUND,,any,PaloLog-forward,,,trust,0,allow,0,8.8.8.8,8.8.8.8,,,,,,2024/12/28 05:53:37,3,,,0,0,0x400019,"used-by-malware,has-known-vulnerability,pervasive-use",,,network-protocol,no,dns-base,,53,TRAFFIC,,,,278,,2024-12-28T05:53:37.903+09:00,,2024/12/28 05:53:07,0,,192.168.0.0-192.168.255.255,,,VISION-SEOUL-FW.seoulfw 1,192.168.200.251,,,,end,118.128.43.82,,30750
<14>Dec 28 05:53:37 VISION-SEOUL-FW.seoulfw 1,from-policy,,,0,,0,0,,,,infrastructure,udp,,"[""_dateparsefailure""]",aged-out,dbd7a6c6-ca36-4398-80b3-5bab8fa733c2,,87,0,2024-12-27T20:53:37.726Z,,53,United States,2817,no,N/A,,,292360,0,,2,0,2024/12/28 05:53:37,NonProxyTraffic,,,VISION-SEOUL-FW.seoulfw 1,2024/12/28 05:53:37,VISION-SEOUL-FW,1,1,192.168.200.252,,networking,0,0x8000000000000000,,191,1,49185,0,7444489203827594671,1,dns-base,,untrust,,ethernet1/2,,023201001129,dns,ae1,vsys1,,0,,ALLOW-OUTBOUND,,any,PaloLog-forward,,,trust,0,allow,0,8.8.8.8,8.8.8.8,,,,,,2024/12/28 05:53:37,3,,,0,0,0x400019,"used-by-malware,has-known-vulnerability,pervasive-use",,,network-protocol,no,dns-base,,53,TRAFFIC,,,,278,,2024-12-28T05:53:37.903+09:00,,2024/12/28 05:53:07,0,,192.168.0.0-192.168.255.255,,,VISION-SEOUL-FW.seoulfw 1,192.168.200.251,,,,end,118.128.43.82,,50299
<14>Dec 28 05:53:37 VISION-SEOUL-FW.seoulfw 1,from-policy,,,0,,0,0,,,,infrastructure,udp,,"[""_dateparsefailure""]",aged-out,dbd7a6c6-ca36-4398-80b3-5bab8fa733c2,,113,0,2024-12-27T20:53:37.725Z,,53,United States,2817,no,N/A,,,295778,0,,2,0,2024/12/28 05:53:37,NonProxyTraffic,,,VISION-SEOUL-FW.seoulfw 1,2024/12/28 05:53:37,VISION-SEOUL-FW,1,1,192.168.200.252,,networking,0,0x8000000000000000,,194,1,58291,0,7444489203827594668,1,dns-base,,untrust,,ethernet1/2,,023201001129,dns,ae1,vsys1,,0,,ALLOW-OUTBOUND,,any,PaloLog-forward,,,trust,0,allow,0,8.8.8.8,8.8.8.8,,,,,,2024/12/28 05:53:37,3,,,0,0,0x400019,"used-by-malware,has-known-vulnerability,pervasive-use",,,network-protocol,no,dns-base,,53,TRAFFIC,,,,307,,2024-12-28T05:53:37.903+09:00,,2024/12/28 05:53:06,0,,192.168.0.0-192.168.255.255,,,VISION-SEOUL-FW.seoulfw 1,192.168.200.251,,,,end,118.128.43.82,,19657
<14>Dec 28 05:53:37 VISION-SEOUL-FW.seoulfw 1,from-policy,,,0,,0,0,,,,infrastructure,udp,,"[""_dateparsefailure""]",aged-out,dbd7a6c6-ca36-4398-80b3-5bab8fa733c2,,95,0,2024-12-27T20:53:37.725Z,,53,United States,2817,no,N/A,,,294388,0,,2,0,2024/12/28 05:53:37,NonProxyTraffic,,,VISION-SEOUL-FW.seoulfw 1,2024/12/28 05:53:37,VISION-SEOUL-FW,1,1,192.168.200.252,,networking,0,0x8000000000000000,,200,1,47993,0,7444489203827594667,1,dns-base,,untrust,,ethernet1/2,,023201001129,dns,ae1,vsys1,,0,,ALLOW-OUTBOUND,,any,PaloLog-forward,,,trust,0,allow,0,8.8.8.8,8.8.8.8,,,,,,2024/12/28 05:53:37,3,,,0,0,0x400019,"used-by-malware,has-known-vulnerability,pervasive-use",,,network-protocol,no,dns-base,,53,TRAFFIC,,,,295,,2024-12-28T05:53:37.903+09:00,,2024/12/28 05:53:06,0,,192.168.0.0-192.168.255.255,,,VISION-SEOUL-FW.seoulfw 1,192.168.200.251,,,,end,118.128.43.82,,23883
<14>Dec 28 05:53:37 VISION-SEOUL-FW.seoulfw 1,from-policy,,,0,,0,0,,,,unknown,tcp,,"[""_dateparsefailure""]",aged-out,dbd7a6c6-ca36-4398-80b3-5bab8fa733c2,,296,0,2024-12-27T20:53:37.725Z,,135,192.168.0.0-192.168.255.255,2817,no,N/A,,,297422,0,,4,0,2024/12/28 05:53:37,NonProxyTraffic,,,VISION-SEOUL-FW.seoulfw 1,2024/12/28 05:53:37,VISION-SEOUL-FW,0,1,192.168.200.252,,unknown,0,0x8000000000000000,,0,1,36558,0,7444489203827594666,4,incomplete,,trust,,ae1,,023201001129,,ae1,vsys1,,0,,ALLOW-OUTBOUND,,any,PaloLog-forward,,,trust,7,allow,0,0.0.0.0,192.168.199.201,,,,seoul\administrator,,2024/12/28 05:53:37,1,,,0,0,0x19,,,,unknown,no,incomplete,,0,TRAFFIC,,,,296,,2024-12-28T05:53:37.903+09:00,,2024/12/28 05:53:22,0,,192.168.0.0-192.168.255.255,,,VISION-SEOUL-FW.seoulfw 1,192.168.200.252,,,,end,0.0.0.0,,0
<14>Dec 28 05:53:37 VISION-SEOUL-FW.seoulfw 1,from-policy,,,0,,0,0,,,,infrastructure,udp,,"[""_dateparsefailure""]",aged-out,dbd7a6c6-ca36-4398-80b3-5bab8fa733c2,,113,0,2024-12-27T20:53:37.725Z,,53,United States,2817,no,N/A,,,296934,0,,2,0,2024/12/28 05:53:37,NonProxyTraffic,,,VISION-SEOUL-FW.seoulfw 1,2024/12/28 05:53:37,VISION-SEOUL-FW,1,1,192.168.200.252,,networking,0,0x8000000000000000,,129,1,43508,0,7444489203827594669,1,dns-base,,untrust,,ethernet1/2,,023201001129,dns,ae1,vsys1,,0,,ALLOW-OUTBOUND,,any,PaloLog-forward,,,trust,0,allow,0,8.8.8.8,8.8.8.8,,,,,,2024/12/28 05:53:37,3,,,0,0,0x400019,"used-by-malware,has-known-vulnerability,pervasive-use",,,network-protocol,no,dns-base,,53,TRAFFIC,,,,242,,2024-12-28T05:53:37.903+09:00,,2024/12/28 05:53:06,0,,192.168.0.0-192.168.255.255,,,VISION-SEOUL-FW.seoulfw 1,192.168.200.251,,,,end,118.128.43.82,,21072
<14>Dec 28 05:53:37 VISION-SEOUL-FW.seoulfw 1,from-policy,,,0,,0,0,,,,internet-utility,icmp,,"[""_dateparsefailure""]",aged-out,dbd7a6c6-ca36-4398-80b3-5bab8fa733c2,,294,0,2024-12-27T20:53:37.724Z,,0,192.168.0.0-192.168.255.255,2817,no,N/A,,,296669,0,,6,0,2024/12/28 05:53:37,NonProxyTraffic,,,VISION-SEOUL-FW.seoulfw 1,2024/12/28 05:53:37,VISION-SEOUL-FW,3,1,192.168.200.252,,general-internet,0,0x8000000000000000,,294,3,22552,0,7444489203827594664,3,untunneled,,trust,,ae1,,023201001129,,ae1,vsys1,,0,,ALLOW-OUTBOUND,,any,PaloLog-forward,,,trust,0,allow,0,0.0.0.0,192.168.200.1,,,,,,2024/12/28 05:53:37,2,,,0,0,0x100019,"has-known-vulnerability,tunnel-other-application,pervasive-use",,,network-protocol,no,ping,,0,TRAFFIC,,,,588,,2024-12-28T05:53:37.903+09:00,,2024/12/28 05:53:22,0,,192.168.0.0-192.168.255.255,,,VISION-SEOUL-FW.seoulfw 1,192.168.200.254,,,,end,0.0.0.0,,0
<14>Dec 28 05:53:37 VISION-SEOUL-FW.seoulfw 1,from-policy,,,0,,0,0,,,,encrypted-tunnel,tcp,,"[""_dateparsefailure""]",tcp-rst-from-client,dbd7a6c6-ca36-4398-80b3-5bab8fa733c2,,1704,0,2024-12-27T20:53:37.724Z,,443,United States,2817,no,N/A,,,293661,0,,26,0,2024/12/28 05:53:37,NonProxyTraffic,,,VISION-SEOUL-FW.seoulfw 1,2024/12/28 05:53:37,VISION-SEOUL-FW,13,1,192.168.200.252,,networking,0,0x8000000000000000,,7552,1,21659,0,7444489203827594662,13,ssl,,untrust,,ethernet1/2,,023201001129,,ae2,vsys1,,0,,ALLOW-OUTBOUND,,license-expired,PaloLog-forward,,,SERVER,136,allow,0,34.206.77.243,34.206.77.243,,,,,,2024/12/28 05:53:37,4,,,0,0,0x40041c,"used-by-malware,able-to-transfer-file,has-known-vulnerability,tunnel-other-application,pervasive-use",,,browser-based,no,ssl,,443,TRAFFIC,,,,9256,,2024-12-28T05:53:37.903+09:00,,2024/12/28 05:51:02,0,,192.168.0.0-192.168.255.255,,,VISION-SEOUL-FW.seoulfw 1,192.168.100.171,,,,end,118.128.43.82,,12020
<14>Dec 28 05:53:37 VISION-SEOUL-FW.seoulfw 1,from-policy,,,0,,0,0,,,,infrastructure,udp,,"[""_dateparsefailure""]",aged-out,dbd7a6c6-ca36-4398-80b3-5bab8fa733c2,,89,0,2024-12-27T20:53:37.724Z,,53,Korea Republic Of,2817,no,N/A,,,296209,0,,2,0,2024/12/28 05:53:37,NonProxyTraffic,,,VISION-SEOUL-FW.seoulfw 1,2024/12/28 05:53:37,VISION-SEOUL-FW,1,1,192.168.200.252,,networking,0,0x8000000000000000,,121,1,42583,0,7444489203827594665,1,dns-base,,untrust,,ethernet1/2,,023201001129,dns,ae2,vsys1,,0,,ALLOW-OUTBOUND,,any,PaloLog-forward,,,SERVER,0,allow,0,168.126.63.1,168.126.63.1,,,,,,2024/12/28 05:53:37,3,,,0,0,0x400019,"used-by-malware,has-known-vulnerability,pervasive-use",,,network-protocol,no,dns-base,,53,TRAFFIC,,,,210,,2024-12-28T05:53:37.903+09:00,,2024/12/28 05:53:04,0,,192.168.0.0-192.168.255.255,,,VISION-SEOUL-FW.seoulfw 1,192.168.100.170,,,,end,118.128.43.82,,62965
<14>Dec 28 05:53:37 VISION-SEOUL-FW.seoulfw 1,from-policy,,,0,,0,0,,,,unknown,udp,,"[""_dateparsefailure""]",policy-deny,e90cbdfb-a61c-4c37-92ea-1fc8d7cd4431,,60,0,2024-12-27T20:53:37.724Z,,7062,Korea Republic Of,2817,no,N/A,,,0,0,,1,0,2024/12/28 05:53:37,NonProxyTraffic,,,VISION-SEOUL-FW.seoulfw 1,2024/12/28 05:53:37,VISION-SEOUL-FW,0,1,192.168.200.252,,unknown,0,0x8000000000000000,,0,1,38059,0,7444489203827594659,1,not-applicable,,untrust,,,,023201001129,,ethernet1/2,vsys1,,0,,intrazone-default,,any,PaloLog-forward,,,untrust,0,deny,0,0.0.0.0,118.128.43.82,,,,,,2024/12/28 05:53:37,1,,,0,0,0x0,,,,unknown,no,not-applicable,,0,TRAFFIC,,,,60,,2024-12-28T05:53:37.903+09:00,,2024/12/28 05:53:33,0,,Korea Republic Of,,,VISION-SEOUL-FW.seoulfw 1,110.45.188.132,,,,drop,0.0.0.0,,0
<14>Dec 28 05:53:37 VISION-SEOUL-FW.seoulfw 1,from-policy,,,0,,0,0,,,,encrypted-tunnel,tcp,,"[""_dateparsefailure""]",tcp-rst-from-client,dbd7a6c6-ca36-4398-80b3-5bab8fa733c2,,40562,0,2024-12-27T20:53:37.724Z,,443,United States,2817,no,N/A,,,295515,0,,1880,0,2024/12/28 05:53:37,NonProxyTraffic,,,VISION-SEOUL-FW.seoulfw 1,2024/12/28 05:53:37,VISION-SEOUL-FW,1666,1,192.168.200.252,,networking,0,0x8000000000000000,,2299002,1,53545,0,7444489203827594661,214,ssl,,untrust,,ethernet1/2,,023201001129,,ae2,vsys1,,0,,ALLOW-OUTBOUND,,license-expired,PaloLog-forward,,,SERVER,128,allow,0,34.206.77.243,34.206.77.243,,,,,,2024/12/28 05:53:37,4,,,0,0,0x40047a,"used-by-malware,able-to-transfer-file,has-known-vulnerability,tunnel-other-application,pervasive-use",,,browser-based,no,ssl,,443,TRAFFIC,,,,2339564,,2024-12-28T05:53:37.903+09:00,,2024/12/28 05:51:10,0,,192.168.0.0-192.168.255.255,,,VISION-SEOUL-FW.seoulfw 1,192.168.100.171,,,,end,118.128.43.82,,19002
<14>Dec 28 05:53:37 VISION-SEOUL-FW.seoulfw 1,from-policy,,,0,,0,0,,,,encrypted-tunnel,tcp,,"[""_dateparsefailure""]",tcp-rst-from-client,dbd7a6c6-ca36-4398-80b3-5bab8fa733c2,,39206,0,2024-12-27T20:53:37.724Z,,443,United States,2817,no,N/A,,,295672,0,,4255,0,2024/12/28 05:53:37,NonProxyTraffic,,,VISION-SEOUL-FW.seoulfw 1,2024/12/28 05:53:37,VISION-SEOUL-FW,3982,1,192.168.200.252,,networking,0,0x8000000000000000,,5662067,1,65107,0,7444489203827594660,273,ssl,,untrust,,ethernet1/2,,023201001129,,ae2,vsys1,,0,,ALLOW-OUTBOUND,,license-expired,PaloLog-forward,,,SERVER,135,allow,0,34.206.77.243,34.206.77.243,,,,,,2024/12/28 05:53:37,4,,,0,0,0x40047a,"used-by-malware,able-to-transfer-file,has-known-vulnerability,tunnel-other-application,pervasive-use",,,browser-based,no,ssl,,443,TRAFFIC,,,,5701273,,2024-12-28T05:53:37.903+09:00,,2024/12/28 05:51:03,0,,192.168.0.0-192.168.255.255,,,VISION-SEOUL-FW.seoulfw 1,192.168.100.171,,,,end,118.128.43.82,,40745
<14>Dec 28 05:53:37 VISION-SEOUL-FW.seoulfw 1,from-policy,,,0,,0,0,,,,infrastructure,udp,,"[""_dateparsefailure""]",aged-out,dbd7a6c6-ca36-4398-80b3-5bab8fa733c2,,101,0,2024-12-27T20:53:37.723Z,,53,Korea Republic Of,2817,no,N/A,,,296539,0,,2,0,2024/12/28 05:53:37,NonProxyTraffic,,,VISION-SEOUL-FW.seoulfw 1,2024/12/28 05:53:37,VISION-SEOUL-FW,1,1,192.168.200.252,,networking,0,0x8000000000000000,,375,1,50799,0,7444489203827594658,1,dns-base,,untrust,,ethernet1/2,,023201001129,dns,ae2,vsys1,,0,,ALLOW-OUTBOUND,,any,PaloLog-forward,,,SERVER,0,allow,0,168.126.63.1,168.126.63.1,,,,,,2024/12/28 05:53:37,3,,,0,0,0x400019,"used-by-malware,has-known-vulnerability,pervasive-use",,,network-protocol,no,dns-base,,53,TRAFFIC,,,,476,,2024-12-28T05:53:37.902+09:00,,2024/12/28 05:53:02,0,,192.168.0.0-192.168.255.255,,,VISION-SEOUL-FW.seoulfw 1,192.168.100.171,,,,end,118.128.43.82,,40600
<14>Dec 28 05:53:32 VISION-SEOUL-FW.seoulfw 1,from-policy,,,0,,0,0,,,,infrastructure,udp,,"[""_dateparsefailure""]",aged-out,dbd7a6c6-ca36-4398-80b3-5bab8fa733c2,,101,0,2024-12-27T20:53:32.724Z,,53,Korea Republic Of,2817,no,N/A,,,297380,0,,2,0,2024/12/28 05:53:32,NonProxyTraffic,,,VISION-SEOUL-FW.seoulfw 1,2024/12/28 05:53:32,VISION-SEOUL-FW,1,1,192.168.200.252,,networking,0,0x8000000000000000,,323,1,40202,0,7444489203827594657,1,dns-base,,untrust,,ethernet1/2,,023201001129,dns,ae2,vsys1,,0,,ALLOW-OUTBOUND,,any,PaloLog-forward,,,SERVER,0,allow,0,168.126.63.1,168.126.63.1,,,,,,2024/12/28 05:53:32,3,,,0,0,0x400019,"used-by-malware,has-known-vulnerability,pervasive-use",,,network-protocol,no,dns-base,,53,TRAFFIC,,,,424,,2024-12-28T05:53:32.902+09:00,,2024/12/28 05:53:02,0,,192.168.0.0-192.168.255.255,,,VISION-SEOUL-FW.seoulfw 1,192.168.100.171,,,,end,118.128.43.82,,50961
<14>Dec 28 05:53:32 VISION-SEOUL-FW.seoulfw 1,from-policy,,,0,,0,0,,,,unknown,udp,,"[""_dateparsefailure""]",policy-deny,e90cbdfb-a61c-4c37-92ea-1fc8d7cd4431,,60,0,2024-12-27T20:53:32.723Z,,7062,Korea Republic Of,2817,no,N/A,,,0,0,,1,0,2024/12/28 05:53:32,NonProxyTraffic,,,VISION-SEOUL-FW.seoulfw 1,2024/12/28 05:53:32,VISION-SEOUL-FW,0,1,192.168.200.252,,unknown,0,0x8000000000000000,,0,1,38059,0,7444489203827594654,1,not-applicable,,untrust,,,,023201001129,,ethernet1/2,vsys1,,0,,intrazone-default,,any,PaloLog-forward,,,untrust,0,deny,0,0.0.0.0,118.128.43.82,,,,,,2024/12/28 05:53:32,1,,,0,0,0x0,,,,unknown,no,not-applicable,,0,TRAFFIC,,,,60,,2024-12-28T05:53:32.902+09:00,,2024/12/28 05:53:28,0,,Korea Republic Of,,,VISION-SEOUL-FW.seoulfw 1,110.45.188.132,,,,drop,0.0.0.0,,0
<14>Dec 28 05:53:27 VISION-SEOUL-FW.seoulfw 1,from-policy,,,0,,0,0,,,,infrastructure,udp,,"[""_dateparsefailure""]",aged-out,dbd7a6c6-ca36-4398-80b3-5bab8fa733c2,,90,0,2024-12-27T20:53:27.726Z,,123,Korea Republic Of,2817,no,N/A,,,296340,0,,2,0,2024/12/28 05:53:27,NonProxyTraffic,,,VISION-SEOUL-FW.seoulfw 1,2024/12/28 05:53:27,VISION-SEOUL-FW,1,1,192.168.200.252,,networking,0,0x8000000000000000,,90,1,123,0,7444489203827594652,1,ntp-base,,untrust,,ethernet1/2,,023201001129,ntp,ae2,vsys1,,0,,ALLOW-OUTBOUND,,any,PaloLog-forward,,,SERVER,0,allow,0,106.247.248.106,106.247.248.106,,,,,,2024/12/28 05:53:27,2,,,0,0,0x40007a,"used-by-malware,pervasive-use",,,network-protocol,no,ntp-base,,123,TRAFFIC,,,,180,,2024-12-28T05:53:27.902+09:00,,2024/12/28 05:52:55,0,,192.168.0.0-192.168.255.255,,,VISION-SEOUL-FW.seoulfw 1,192.168.100.171,,,,end,118.128.43.82,,21809
<14>Dec 28 05:53:27 VISION-SEOUL-FW.seoulfw 1,from-policy,,,0,,0,0,,,,internet-utility,icmp,,"[""_dateparsefailure""]",aged-out,dbd7a6c6-ca36-4398-80b3-5bab8fa733c2,,294,0,2024-12-27T20:53:27.725Z,,0,192.168.0.0-192.168.255.255,2817,no,N/A,,,296067,0,,6,0,2024/12/28 05:53:27,NonProxyTraffic,,,VISION-SEOUL-FW.seoulfw 1,2024/12/28 05:53:27,VISION-SEOUL-FW,3,1,192.168.200.252,,general-internet,0,0x8000000000000000,,294,3,21528,0,7444489203827594651,3,untunneled,,trust,,ae1,,023201001129,,ae1,vsys1,,0,,ALLOW-OUTBOUND,,any,PaloLog-forward,,,trust,0,allow,0,0.0.0.0,192.168.200.1,,,,,,2024/12/28 05:53:27,2,,,0,0,0x100019,"has-known-vulnerability,tunnel-other-application,pervasive-use",,,network-protocol,no,ping,,0,TRAFFIC,,,,588,,2024-12-28T05:53:27.902+09:00,,2024/12/28 05:53:12,0,,192.168.0.0-192.168.255.255,,,VISION-SEOUL-FW.seoulfw 1,192.168.200.254,,,,end,0.0.0.0,,0
<14>Dec 28 05:53:27 VISION-SEOUL-FW.seoulfw 1,from-policy,,,0,,0,0,,,,unknown,udp,,"[""_dateparsefailure""]",policy-deny,e90cbdfb-a61c-4c37-92ea-1fc8d7cd4431,,60,0,2024-12-27T20:53:27.725Z,,63588,Korea Republic Of,2817,no,N/A,,,0,0,,1,0,2024/12/28 05:53:27,NonProxyTraffic,,,VISION-SEOUL-FW.seoulfw 1,2024/12/28 05:53:27,VISION-SEOUL-FW,0,1,192.168.200.252,,unknown,0,0x8000000000000000,,0,1,38616,0,7444489203827594650,1,not-applicable,,untrust,,,,023201001129,,ethernet1/2,vsys1,,0,,intrazone-default,,any,PaloLog-forward,,,untrust,0,deny,0,0.0.0.0,118.128.43.82,,,,,,2024/12/28 05:53:27,1,,,0,0,0x0,,,,unknown,no,not-applicable,,0,TRAFFIC,,,,60,,2024-12-28T05:53:27.902+09:00,,2024/12/28 05:53:23,0,,Korea Republic Of,,,VISION-SEOUL-FW.seoulfw 1,110.45.192.90,,,,drop,0.0.0.0,,0
<14>Dec 28 05:53:27 VISION-SEOUL-FW.seoulfw 1,from-policy,,,0,,0,0,,,,infrastructure,tcp,,"[""_dateparsefailure""]",tcp-fin,dbd7a6c6-ca36-4398-80b3-5bab8fa733c2,,651,0,2024-12-27T20:53:27.725Z,,80,United States,2817,no,N/A,,,297659,0,,12,0,2024/12/28 05:53:27,NonProxyTraffic,,,VISION-SEOUL-FW.seoulfw 1,2024/12/28 05:53:27,VISION-SEOUL-FW,6,1,192.168.200.252,,networking,0,0x8000000000000000,,2938,1,50198,0,7444489203827594649,6,ocsp,,untrust,,ethernet1/2,,023201001129,,ae1,vsys1,,0,,ALLOW-OUTBOUND,,license-expired,PaloLog-forward,,,trust,1,allow,0,192.124.249.36,192.124.249.36,,,,,,2024/12/28 05:53:27,2,,,0,0,0x40001c,"has-known-vulnerability,pervasive-use",,,client-server,no,ocsp,,80,TRAFFIC,,,,3589,,2024-12-28T05:53:27.902+09:00,,2024/12/28 05:53:07,0,,192.168.0.0-192.168.255.255,,,VISION-SEOUL-FW.seoulfw 1,192.168.200.251,,,,end,118.128.43.82,,53945
<14>Dec 28 05:53:27 VISION-SEOUL-FW.seoulfw 1,from-policy,,,0,,0,0,,,,infrastructure,udp,,"[""_dateparsefailure""]",aged-out,dbd7a6c6-ca36-4398-80b3-5bab8fa733c2,,98,0,2024-12-27T20:53:27.724Z,,53,United States,2817,no,N/A,,,297911,0,,2,0,2024/12/28 05:53:27,NonProxyTraffic,,,VISION-SEOUL-FW.seoulfw 1,2024/12/28 05:53:27,VISION-SEOUL-FW,1,1,192.168.200.252,,networking,0,0x8000000000000000,,183,1,35712,0,7444489203827594645,1,dns-base,,untrust,,ethernet1/2,,023201001129,dns,ae1,vsys1,,0,,ALLOW-OUTBOUND,,any,PaloLog-forward,,,trust,0,allow,0,8.8.8.8,8.8.8.8,,,,,,2024/12/28 05:53:27,3,,,0,0,0x400019,"used-by-malware,has-known-vulnerability,pervasive-use",,,network-protocol,no,dns-base,,53,TRAFFIC,,,,281,,2024-12-28T05:53:27.902+09:00,,2024/12/28 05:52:52,0,,192.168.0.0-192.168.255.255,,,VISION-SEOUL-FW.seoulfw 1,192.168.199.232,,,,end,118.128.43.82,,52898
<14>Dec 28 05:53:27 VISION-SEOUL-FW.seoulfw 1,from-policy,,,0,,0,0,,,,general-business,tcp,,"[""_dateparsefailure""]",tcp-fin,dbd7a6c6-ca36-4398-80b3-5bab8fa733c2,,7634,0,2024-12-27T20:53:27.724Z,,443,United States,2817,no,N/A,,,293471,0,,35,0,2024/12/28 05:53:27,NonProxyTraffic,,,VISION-SEOUL-FW.seoulfw 1,2024/12/28 05:53:27,VISION-SEOUL-FW,19,1,192.168.200.252,,business-systems,0,0x8000000000000000,,11286,1,56178,0,7444489203827594647,16,paloalto-dlp-service,,untrust,,ethernet1/2,,023201001129,,ae1,vsys1,,0,,ALLOW-OUTBOUND,,license-expired,PaloLog-forward,,,trust,2,allow,0,34.128.162.183,34.128.162.183,,,,,,2024/12/28 05:53:27,1,,,0,0,0x40047a,,,,client-server,no,paloalto-dlp-service,,443,TRAFFIC,,,,18920,,2024-12-28T05:53:27.902+09:00,,2024/12/28 05:53:06,0,,192.168.0.0-192.168.255.255,,,VISION-SEOUL-FW.seoulfw 1,192.168.200.251,,,,end,118.128.43.82,,47262
<14>Dec 28 05:53:27 VISION-SEOUL-FW.seoulfw 1,from-policy,,,0,,0,0,,,,unknown,udp,,"[""_dateparsefailure""]",policy-deny,e90cbdfb-a61c-4c37-92ea-1fc8d7cd4431,,60,0,2024-12-27T20:53:27.724Z,,7062,Korea Republic Of,2817,no,N/A,,,0,0,,1,0,2024/12/28 05:53:27,NonProxyTraffic,,,VISION-SEOUL-FW.seoulfw 1,2024/12/28 05:53:27,VISION-SEOUL-FW,0,1,192.168.200.252,,unknown,0,0x8000000000000000,,0,1,38059,0,7444489203827594646,1,not-applicable,,untrust,,,,023201001129,,ethernet1/2,vsys1,,0,,intrazone-default,,any,PaloLog-forward,,,untrust,0,deny,0,0.0.0.0,118.128.43.82,,,,,,2024/12/28 05:53:27,1,,,0,0,0x0,,,,unknown,no,not-applicable,,0,TRAFFIC,,,,60,,2024-12-28T05:53:27.902+09:00,,2024/12/28 05:53:23,0,,Korea Republic Of,,,VISION-SEOUL-FW.seoulfw 1,110.45.188.132,,,,drop,0.0.0.0,,0
<14>Dec 28 05:53:27 VISION-SEOUL-FW.seoulfw 1,from-policy,,,0,,0,0,,,,internet-utility,tcp,,"[""_dateparsefailure""]",tcp-fin,dbd7a6c6-ca36-4398-80b3-5bab8fa733c2,,482,0,2024-12-27T20:53:27.723Z,,80,United States,2817,no,N/A,,,295416,0,,10,0,2024/12/28 05:53:27,NonProxyTraffic,,,VISION-SEOUL-FW.seoulfw 1,2024/12/28 05:53:27,VISION-SEOUL-FW,5,1,192.168.200.252,,general-internet,0,0x8000000000000000,,2065,1,60232,0,7444489203827594644,5,web-browsing,,untrust,,ethernet1/2,,023201001129,,ae1,vsys1,,0,,ALLOW-OUTBOUND,,license-expired,PaloLog-forward,,,trust,1,allow,0,192.124.249.41,192.124.249.41,,,,,,2024/12/28 05:53:27,4,,,0,0,0x40001c,"used-by-malware,able-to-transfer-file,has-known-vulnerability,tunnel-other-application,pervasive-use",,,browser-based,no,web-browsing,,80,TRAFFIC,,,,2547,,2024-12-28T05:53:27.902+09:00,,2024/12/28 05:53:06,0,,192.168.0.0-192.168.255.255,,,VISION-SEOUL-FW.seoulfw 1,192.168.200.251,,,,end,118.128.43.82,,46192
